poll_id,pollster_id,pollster,sponsor_ids,sponsors,display_name,pollster_rating_id,pollster_rating_name,fte_grade,methodology,state,start_date,end_date,sponsor_candidate_id,sponsor_candidate,sponsor_candidate_party,question_id,sample_size,population,subpopulation,population_full,tracking,created_at,notes,url,source,internal,partisan,race_id,cycle,office_type,seat_number,seat_name,election_date,stage,nationwide_batch,dem,rep,ind
82063,294,McLaughlin,"","",McLaughlin & Associates,203,McLaughlin & Associates,C/D,Online,,1/19/23,1/24/23,,"",,167669,1000,lv,,lv,,1/26/23 14:50,"",https://mclaughlinonline.com/pols/wp-content/uploads/2023/01/National-January-Presentation-RELEASE-01-24-23.pdf,"",false,,9549,2024,U.S. House,,Generic,11/5/24,general,false,42.0,47.0,
82030,1102,Emerson College Polling Society,"","",Emerson College,88,Emerson College,A-,IVR/Online,,1/19/23,1/21/23,,"",,167450,1015,rv,,rv,,1/24/23 09:30,"",https://emersoncollegepolling.com/national-poll-bidens-approval-remains-underwater-as-majority-of-gop-voters-support-trump-as-republican-nominee-for-2024/,"",false,,9549,2024,U.S. House,,Generic,11/5/24,general,false,44.7,42.2,
82049,1347,Cygnal Political,"","",Cygnal,67,Cygnal,B+,Online,,1/19/23,1/20/23,,"",,167533,2529,lv,,lv,,1/25/23 13:14,"",https://www.cygn.al/national-survey-classified-documents-24-presidential-matchups-and-roe-impact/,"",false,,9549,2024,U.S. House,,Generic,11/5/24,general,false,46.0,45.4,
82001,568,YouGov,1213,Yahoo News,YouGov,391,YouGov,B+,Online,,1/12/23,1/16/23,,"",,167295,1029,rv,,rv,,1/20/23 09:37,"",https://www.scribd.com/document/620785183/20230117-yahoo-tabs#,"",false,,9549,2024,U.S. House,,Generic,11/5/24,general,false,46.0,40.0,
81850,294,McLaughlin,"","",McLaughlin & Associates,203,McLaughlin & Associates,C/D,Online,,12/9/22,12/14/22,,"",,166421,1000,lv,,lv,,12/15/22 15:40,"",https://mclaughlinonline.com/pols/wp-content/uploads/2022/12/National-December-Presentation-RELEASE-12-14-22.pdf,"",false,,9549,2024,U.S. House,,Generic,11/5/24,general,false,44.0,48.0,
81694,1102,Emerson College Polling Society,"","",Emerson College,88,Emerson College,A-,IVR/Online,,11/18/22,11/19/22,,"",,165625,1380,rv,,rv,,11/22/22 09:57,"",https://emersoncollegepolling.com/national-poll-bidens-approval-remains-underwater-as-majority-of-gop-voters-support-trump-as-republican-nominee-for-2024/,"",false,,9549,2024,U.S. House,,Generic,11/5/24,general,false,45.1,42.9,
