poll_id,pollster_id,pollster,sponsor_ids,sponsors,display_name,pollster_rating_id,pollster_rating_name,fte_grade,methodology,state,start_date,end_date,sponsor_candidate_id,sponsor_candidate,sponsor_candidate_party,question_id,sample_size,population,subpopulation,population_full,tracking,created_at,notes,url,source,internal,partisan,race_id,cycle,office_type,seat_number,seat_name,election_date,stage,nationwide_batch,ranked_choice_reallocated,ranked_choice_round,party,answer,candidate_id,candidate_name,pct
82051,289,Mason-Dixon,"","",Mason-Dixon Polling & Strategy,197,Mason-Dixon Polling & Strategy,A-,Live Phone,Kentucky,1/18/23,1/23/23,,"",,167564,625,rv,,rv,,1/26/23 09:26,"",https://www.scribd.com/document/621928600/KY123Poll#,"",false,,9550,2023,Governor,0,,11/7/23,general,false,false,,DEM,Beshear,30953,Andy Beshear,49.0
82051,289,Mason-Dixon,"","",Mason-Dixon Polling & Strategy,197,Mason-Dixon Polling & Strategy,A-,Live Phone,Kentucky,1/18/23,1/23/23,,"",,167564,625,rv,,rv,,1/26/23 09:26,"",https://www.scribd.com/document/621928600/KY123Poll#,"",false,,9550,2023,Governor,0,,11/7/23,general,false,false,,REP,Cameron,30950,Daniel Jay Cameron,40.0
82051,289,Mason-Dixon,"","",Mason-Dixon Polling & Strategy,197,Mason-Dixon Polling & Strategy,A-,Live Phone,Kentucky,1/18/23,1/23/23,,"",,167565,625,rv,,rv,,1/26/23 09:26,"",https://www.scribd.com/document/621928600/KY123Poll#,"",false,,9550,2023,Governor,0,,11/7/23,general,false,false,,DEM,Beshear,30953,Andy Beshear,57.0
82051,289,Mason-Dixon,"","",Mason-Dixon Polling & Strategy,197,Mason-Dixon Polling & Strategy,A-,Live Phone,Kentucky,1/18/23,1/23/23,,"",,167565,625,rv,,rv,,1/26/23 09:26,"",https://www.scribd.com/document/621928600/KY123Poll#,"",false,,9550,2023,Governor,0,,11/7/23,general,false,false,,REP,Craft,30954,Kelly Knight Craft,32.0
82051,289,Mason-Dixon,"","",Mason-Dixon Polling & Strategy,197,Mason-Dixon Polling & Strategy,A-,Live Phone,Kentucky,1/18/23,1/23/23,,"",,167566,625,rv,,rv,,1/26/23 09:27,"",https://www.scribd.com/document/621928600/KY123Poll#,"",false,,9550,2023,Governor,0,,11/7/23,general,false,false,,DEM,Beshear,30953,Andy Beshear,52.0
82051,289,Mason-Dixon,"","",Mason-Dixon Polling & Strategy,197,Mason-Dixon Polling & Strategy,A-,Live Phone,Kentucky,1/18/23,1/23/23,,"",,167566,625,rv,,rv,,1/26/23 09:27,"",https://www.scribd.com/document/621928600/KY123Poll#,"",false,,9550,2023,Governor,0,,11/7/23,general,false,false,,REP,Quarles,30955,Ryan Quarles,35.0
82051,289,Mason-Dixon,"","",Mason-Dixon Polling & Strategy,197,Mason-Dixon Polling & Strategy,A-,Live Phone,Kentucky,1/18/23,1/23/23,,"",,167567,625,rv,,rv,,1/26/23 09:27,"",https://www.scribd.com/document/621928600/KY123Poll#,"",false,,9550,2023,Governor,0,,11/7/23,general,false,false,,DEM,Beshear,30953,Andy Beshear,53.0
82051,289,Mason-Dixon,"","",Mason-Dixon Polling & Strategy,197,Mason-Dixon Polling & Strategy,A-,Live Phone,Kentucky,1/18/23,1/23/23,,"",,167567,625,rv,,rv,,1/26/23 09:27,"",https://www.scribd.com/document/621928600/KY123Poll#,"",false,,9550,2023,Governor,0,,11/7/23,general,false,false,,REP,Harmon,30956,Mike Harmon,33.0
82054,1761,Differentiators,"1961,1962",North Carolina Faith & Freedom Coalition | NC Values Coalition,Differentiators,741,Differentiators,,Live Phone/Online,North Carolina,1/9/23,1/12/23,,"",,167635,500,lv,,lv,,1/26/23 10:07,"",https://ncvalues.org/pr-robinson-narrowly-leads-stein-desantis-over-biden-trump/,"",false,REP,9502,2024,Governor,0,,11/5/24,general,false,false,,DEM,Stein,30167,Joshua Harold Stein,41.6
82054,1761,Differentiators,"1961,1962",North Carolina Faith & Freedom Coalition | NC Values Coalition,Differentiators,741,Differentiators,,Live Phone/Online,North Carolina,1/9/23,1/12/23,,"",,167635,500,lv,,lv,,1/26/23 10:07,"",https://ncvalues.org/pr-robinson-narrowly-leads-stein-desantis-over-biden-trump/,"",false,REP,9502,2024,Governor,0,,11/5/24,general,false,false,,REP,Robinson,30168,Mark Keith Robinson,42.4
81986,438,Siena,1955,Mississippi Today,Siena College,305,Siena College,A,Live Phone/Online,Mississippi,1/8/23,1/12/23,,"",,167274,821,rv,,rv,,1/19/23 09:18,"",https://mississippitoday.org/2023/01/19/tate-reeves-poll-want-new-governor/,"",false,,9551,2023,Governor,0,,11/7/23,general,false,false,,DEM,Presley,30948,Brandon E. Presley,39.0
81986,438,Siena,1955,Mississippi Today,Siena College,305,Siena College,A,Live Phone/Online,Mississippi,1/8/23,1/12/23,,"",,167274,821,rv,,rv,,1/19/23 09:18,"",https://mississippitoday.org/2023/01/19/tate-reeves-poll-want-new-governor/,"",false,,9551,2023,Governor,0,,11/7/23,general,false,false,,REP,Reeves,30949,Tate Reeves,43.0
81941,1766,BDPC,"","",BDPC,746,BDPC,,Live Phone,Louisiana,12/7/22,12/13/22,29467,William Harold Nungesser,REP,166973,603,lv,,lv,,1/6/23 11:32,"",https://img1.wsimg.com/blobby/go/041be2de-f201-4902-9fe7-94d19a6a9a42/343.pdf,"",true,REP,9497,2023,Governor,0,,10/14/23,jungle primary,false,false,,DEM,Wilson,30938,Shawn Wilson,23.0
81941,1766,BDPC,"","",BDPC,746,BDPC,,Live Phone,Louisiana,12/7/22,12/13/22,29467,William Harold Nungesser,REP,166973,603,lv,,lv,,1/6/23 11:32,"",https://img1.wsimg.com/blobby/go/041be2de-f201-4902-9fe7-94d19a6a9a42/343.pdf,"",true,REP,9497,2023,Governor,0,,10/14/23,jungle primary,false,false,,REP,Landry,29465,Jeff Landry,22.0
81941,1766,BDPC,"","",BDPC,746,BDPC,,Live Phone,Louisiana,12/7/22,12/13/22,29467,William Harold Nungesser,REP,166973,603,lv,,lv,,1/6/23 11:32,"",https://img1.wsimg.com/blobby/go/041be2de-f201-4902-9fe7-94d19a6a9a42/343.pdf,"",true,REP,9497,2023,Governor,0,,10/14/23,jungle primary,false,false,,REP,Nungesser,29467,William Harold Nungesser,23.0
81941,1766,BDPC,"","",BDPC,746,BDPC,,Live Phone,Louisiana,12/7/22,12/13/22,29467,William Harold Nungesser,REP,166973,603,lv,,lv,,1/6/23 11:32,"",https://img1.wsimg.com/blobby/go/041be2de-f201-4902-9fe7-94d19a6a9a42/343.pdf,"",true,REP,9497,2023,Governor,0,,10/14/23,jungle primary,false,false,,REP,Hewitt,29469,Sharon W. Hewitt,3.0
81941,1766,BDPC,"","",BDPC,746,BDPC,,Live Phone,Louisiana,12/7/22,12/13/22,29467,William Harold Nungesser,REP,166973,603,lv,,lv,,1/6/23 11:32,"",https://img1.wsimg.com/blobby/go/041be2de-f201-4902-9fe7-94d19a6a9a42/343.pdf,"",true,REP,9497,2023,Governor,0,,10/14/23,jungle primary,false,false,,IND,Lundy,30940,Hunter Lundy,2.0
81941,1766,BDPC,"","",BDPC,746,BDPC,,Live Phone,Louisiana,12/7/22,12/13/22,29467,William Harold Nungesser,REP,166973,603,lv,,lv,,1/6/23 11:32,"",https://img1.wsimg.com/blobby/go/041be2de-f201-4902-9fe7-94d19a6a9a42/343.pdf,"",true,REP,9497,2023,Governor,0,,10/14/23,jungle primary,false,false,,REP,Schroder,29470,John M. Schroder,2.0
81940,1765,Torchlight Strategies,"","",Torchlight Strategies,745,Torchlight Strategies,,Live Phone/Online,Louisiana,12/6/22,12/9/22,29464,John Kennedy,REP,166970,861,lv,,lv,,1/6/23 11:32,"",https://drive.google.com/file/d/17dHwblMvg0oGcw0hev6FErpX_qFBGbc_/view,"",true,REP,9497,2023,Governor,0,,10/14/23,jungle primary,false,false,,DEM,Wilson,30938,Shawn Wilson,22.4
81940,1765,Torchlight Strategies,"","",Torchlight Strategies,745,Torchlight Strategies,,Live Phone/Online,Louisiana,12/6/22,12/9/22,29464,John Kennedy,REP,166970,861,lv,,lv,,1/6/23 11:32,"",https://drive.google.com/file/d/17dHwblMvg0oGcw0hev6FErpX_qFBGbc_/view,"",true,REP,9497,2023,Governor,0,,10/14/23,jungle primary,false,false,,REP,Kennedy,29464,John Kennedy,42.1
81940,1765,Torchlight Strategies,"","",Torchlight Strategies,745,Torchlight Strategies,,Live Phone/Online,Louisiana,12/6/22,12/9/22,29464,John Kennedy,REP,166970,861,lv,,lv,,1/6/23 11:32,"",https://drive.google.com/file/d/17dHwblMvg0oGcw0hev6FErpX_qFBGbc_/view,"",true,REP,9497,2023,Governor,0,,10/14/23,jungle primary,false,false,,REP,Landry,29465,Jeff Landry,14.3
81940,1765,Torchlight Strategies,"","",Torchlight Strategies,745,Torchlight Strategies,,Live Phone/Online,Louisiana,12/6/22,12/9/22,29464,John Kennedy,REP,166971,861,lv,,lv,,1/6/23 11:32,"",https://drive.google.com/file/d/17dHwblMvg0oGcw0hev6FErpX_qFBGbc_/view,"",true,REP,10003,2023,Governor,0,,11/18/23,runoff,false,false,,REP,Kennedy,29464,John Kennedy,45.8
81940,1765,Torchlight Strategies,"","",Torchlight Strategies,745,Torchlight Strategies,,Live Phone/Online,Louisiana,12/6/22,12/9/22,29464,John Kennedy,REP,166971,861,lv,,lv,,1/6/23 11:32,"",https://drive.google.com/file/d/17dHwblMvg0oGcw0hev6FErpX_qFBGbc_/view,"",true,REP,10003,2023,Governor,0,,11/18/23,runoff,false,false,,REP,Landry,29465,Jeff Landry,20.5
81940,1765,Torchlight Strategies,"","",Torchlight Strategies,745,Torchlight Strategies,,Live Phone/Online,Louisiana,12/6/22,12/9/22,29464,John Kennedy,REP,166972,861,lv,,lv,,1/6/23 11:32,"",https://drive.google.com/file/d/17dHwblMvg0oGcw0hev6FErpX_qFBGbc_/view,"",true,REP,10003,2023,Governor,0,,11/18/23,runoff,false,false,,DEM,Wilson,30938,Shawn Wilson,27.3
81940,1765,Torchlight Strategies,"","",Torchlight Strategies,745,Torchlight Strategies,,Live Phone/Online,Louisiana,12/6/22,12/9/22,29464,John Kennedy,REP,166972,861,lv,,lv,,1/6/23 11:32,"",https://drive.google.com/file/d/17dHwblMvg0oGcw0hev6FErpX_qFBGbc_/view,"",true,REP,10003,2023,Governor,0,,11/18/23,runoff,false,false,,REP,Kennedy,29464,John Kennedy,57.9
81939,1765,Torchlight Strategies,"","",Torchlight Strategies,745,Torchlight Strategies,,Live Phone/Online,Louisiana,11/9/22,11/12/22,29464,John Kennedy,REP,166968,800,lv,,lv,,1/6/23 11:31,"",https://www.politico.com/f/?id=00000184-7693-d7f7-a79c-ff9fc4f30000,"",true,REP,9497,2023,Governor,0,,10/14/23,jungle primary,false,false,,DEM,Wilson,30938,Shawn Wilson,18.2
81939,1765,Torchlight Strategies,"","",Torchlight Strategies,745,Torchlight Strategies,,Live Phone/Online,Louisiana,11/9/22,11/12/22,29464,John Kennedy,REP,166968,800,lv,,lv,,1/6/23 11:31,"",https://www.politico.com/f/?id=00000184-7693-d7f7-a79c-ff9fc4f30000,"",true,REP,9497,2023,Governor,0,,10/14/23,jungle primary,false,false,,REP,Kennedy,29464,John Kennedy,21.7
81939,1765,Torchlight Strategies,"","",Torchlight Strategies,745,Torchlight Strategies,,Live Phone/Online,Louisiana,11/9/22,11/12/22,29464,John Kennedy,REP,166968,800,lv,,lv,,1/6/23 11:31,"",https://www.politico.com/f/?id=00000184-7693-d7f7-a79c-ff9fc4f30000,"",true,REP,9497,2023,Governor,0,,10/14/23,jungle primary,false,false,,REP,Landry,29465,Jeff Landry,12.8
81939,1765,Torchlight Strategies,"","",Torchlight Strategies,745,Torchlight Strategies,,Live Phone/Online,Louisiana,11/9/22,11/12/22,29464,John Kennedy,REP,166968,800,lv,,lv,,1/6/23 11:31,"",https://www.politico.com/f/?id=00000184-7693-d7f7-a79c-ff9fc4f30000,"",true,REP,9497,2023,Governor,0,,10/14/23,jungle primary,false,false,,REP,Nungesser,29467,William Harold Nungesser,6.9
81939,1765,Torchlight Strategies,"","",Torchlight Strategies,745,Torchlight Strategies,,Live Phone/Online,Louisiana,11/9/22,11/12/22,29464,John Kennedy,REP,166968,800,lv,,lv,,1/6/23 11:31,"",https://www.politico.com/f/?id=00000184-7693-d7f7-a79c-ff9fc4f30000,"",true,REP,9497,2023,Governor,0,,10/14/23,jungle primary,false,false,,REP,Cassidy,29466,Bill Cassidy,5.8
81939,1765,Torchlight Strategies,"","",Torchlight Strategies,745,Torchlight Strategies,,Live Phone/Online,Louisiana,11/9/22,11/12/22,29464,John Kennedy,REP,166968,800,lv,,lv,,1/6/23 11:31,"",https://www.politico.com/f/?id=00000184-7693-d7f7-a79c-ff9fc4f30000,"",true,REP,9497,2023,Governor,0,,10/14/23,jungle primary,false,false,,REP,Graves,30939,Garret Graves,5.3
81939,1765,Torchlight Strategies,"","",Torchlight Strategies,745,Torchlight Strategies,,Live Phone/Online,Louisiana,11/9/22,11/12/22,29464,John Kennedy,REP,166968,800,lv,,lv,,1/6/23 11:31,"",https://www.politico.com/f/?id=00000184-7693-d7f7-a79c-ff9fc4f30000,"",true,REP,9497,2023,Governor,0,,10/14/23,jungle primary,false,false,,REP,Hewitt,29469,Sharon W. Hewitt,0.3
81939,1765,Torchlight Strategies,"","",Torchlight Strategies,745,Torchlight Strategies,,Live Phone/Online,Louisiana,11/9/22,11/12/22,29464,John Kennedy,REP,166968,800,lv,,lv,,1/6/23 11:31,"",https://www.politico.com/f/?id=00000184-7693-d7f7-a79c-ff9fc4f30000,"",true,REP,9497,2023,Governor,0,,10/14/23,jungle primary,false,false,,REP,Schroder,29470,John M. Schroder,0.6
81939,1765,Torchlight Strategies,"","",Torchlight Strategies,745,Torchlight Strategies,,Live Phone/Online,Louisiana,11/9/22,11/12/22,29464,John Kennedy,REP,166968,800,lv,,lv,,1/6/23 11:31,"",https://www.politico.com/f/?id=00000184-7693-d7f7-a79c-ff9fc4f30000,"",true,REP,9497,2023,Governor,0,,10/14/23,jungle primary,false,false,,IND,Lundy,30940,Hunter Lundy,2.3
81939,1765,Torchlight Strategies,"","",Torchlight Strategies,745,Torchlight Strategies,,Live Phone/Online,Louisiana,11/9/22,11/12/22,29464,John Kennedy,REP,166969,800,lv,,lv,,1/6/23 11:32,"",https://www.politico.com/f/?id=00000184-7693-d7f7-a79c-ff9fc4f30000,"",true,REP,10003,2023,Governor,0,,11/18/23,runoff,false,false,,DEM,Wilson,30938,Shawn Wilson,32.2
81939,1765,Torchlight Strategies,"","",Torchlight Strategies,745,Torchlight Strategies,,Live Phone/Online,Louisiana,11/9/22,11/12/22,29464,John Kennedy,REP,166969,800,lv,,lv,,1/6/23 11:32,"",https://www.politico.com/f/?id=00000184-7693-d7f7-a79c-ff9fc4f30000,"",true,REP,10003,2023,Governor,0,,11/18/23,runoff,false,false,,REP,Kennedy,29464,John Kennedy,55.6
81015,383,PPP,1802,Carolina Forward,Public Policy Polling,263,Public Policy Polling,A-,,North Carolina,10/7/22,10/8/22,,"",,165777,606,rv,,rv,,11/28/22 09:16,"",https://carolinaforward.org/blog/2024-election-preview/,"",false,DEM,9502,2024,Governor,0,,11/5/24,general,false,false,,DEM,Stein,30167,Joshua Harold Stein,44.0
81015,383,PPP,1802,Carolina Forward,Public Policy Polling,263,Public Policy Polling,A-,,North Carolina,10/7/22,10/8/22,,"",,165777,606,rv,,rv,,11/28/22 09:16,"",https://carolinaforward.org/blog/2024-election-preview/,"",false,DEM,9502,2024,Governor,0,,11/5/24,general,false,false,,REP,Robinson,30168,Mark Keith Robinson,42.0
78978,1231,Meeting Street Insights,1299,Carolina Partnership for Reform,Meeting Street Insights,204,Meeting Street Insights,B/C,,North Carolina,5/12/22,5/16/22,,"",,155695,500,rv,,rv,,5/20/22 13:07,"",https://cprnc.org/2022/05/20/poll-robinson-leads-stein-in-2024-gov-matchup/,"",false,REP,9502,2024,Governor,0,,11/5/24,general,false,false,,DEM,Stein,30167,Joshua Harold Stein,42.0
78978,1231,Meeting Street Insights,1299,Carolina Partnership for Reform,Meeting Street Insights,204,Meeting Street Insights,B/C,,North Carolina,5/12/22,5/16/22,,"",,155695,500,rv,,rv,,5/20/22 13:07,"",https://cprnc.org/2022/05/20/poll-robinson-leads-stein-in-2024-gov-matchup/,"",false,REP,9502,2024,Governor,0,,11/5/24,general,false,false,,REP,Robinson,30168,Mark Keith Robinson,48.0
78670,621,JMC Analytics,"","",JMC Analytics,156,JMC Analytics,B/C,Live Phone,Louisiana,3/21/22,3/23/22,,"",,154166,600,lv,,lv,,3/28/22 08:25,"",https://winwithjmc.com/archives/9434,"",false,,9497,2023,Governor,0,,10/14/23,jungle primary,false,false,,DEM,Broome,29463,Sharon Weston Broome,14.0
78670,621,JMC Analytics,"","",JMC Analytics,156,JMC Analytics,B/C,Live Phone,Louisiana,3/21/22,3/23/22,,"",,154166,600,lv,,lv,,3/28/22 08:25,"",https://winwithjmc.com/archives/9434,"",false,,9497,2023,Governor,0,,10/14/23,jungle primary,false,false,,REP,Kennedy,29464,John Kennedy,22.0
78670,621,JMC Analytics,"","",JMC Analytics,156,JMC Analytics,B/C,Live Phone,Louisiana,3/21/22,3/23/22,,"",,154166,600,lv,,lv,,3/28/22 08:25,"",https://winwithjmc.com/archives/9434,"",false,,9497,2023,Governor,0,,10/14/23,jungle primary,false,false,,REP,Landry,29465,Jeff Landry,11.0
78670,621,JMC Analytics,"","",JMC Analytics,156,JMC Analytics,B/C,Live Phone,Louisiana,3/21/22,3/23/22,,"",,154166,600,lv,,lv,,3/28/22 08:25,"",https://winwithjmc.com/archives/9434,"",false,,9497,2023,Governor,0,,10/14/23,jungle primary,false,false,,REP,Cassidy,29466,Bill Cassidy,10.0
78670,621,JMC Analytics,"","",JMC Analytics,156,JMC Analytics,B/C,Live Phone,Louisiana,3/21/22,3/23/22,,"",,154166,600,lv,,lv,,3/28/22 08:25,"",https://winwithjmc.com/archives/9434,"",false,,9497,2023,Governor,0,,10/14/23,jungle primary,false,false,,REP,Nungesser,29467,William Harold Nungesser,7.0
78670,621,JMC Analytics,"","",JMC Analytics,156,JMC Analytics,B/C,Live Phone,Louisiana,3/21/22,3/23/22,,"",,154166,600,lv,,lv,,3/28/22 08:25,"",https://winwithjmc.com/archives/9434,"",false,,9497,2023,Governor,0,,10/14/23,jungle primary,false,false,,DEM,Smith,29468,Gary L. Smith,4.0
78670,621,JMC Analytics,"","",JMC Analytics,156,JMC Analytics,B/C,Live Phone,Louisiana,3/21/22,3/23/22,,"",,154166,600,lv,,lv,,3/28/22 08:25,"",https://winwithjmc.com/archives/9434,"",false,,9497,2023,Governor,0,,10/14/23,jungle primary,false,false,,REP,Hewitt,29469,Sharon W. Hewitt,2.0
78670,621,JMC Analytics,"","",JMC Analytics,156,JMC Analytics,B/C,Live Phone,Louisiana,3/21/22,3/23/22,,"",,154166,600,lv,,lv,,3/28/22 08:25,"",https://winwithjmc.com/archives/9434,"",false,,9497,2023,Governor,0,,10/14/23,jungle primary,false,false,,REP,Schroder,29470,John M. Schroder,1.0
